{
  "0": {
    "title": "Document Title 1",
    "author": "Unknown Author",
    "abstract": "Heterogeneous Collaborative Refining for Real-Time\nEnd-to-End Image-Text Retrieval System\nNan, Guo*\nInstitute of Computing Technology,\nChinese Academy of Sciences\nMin, Yang\nInstitute of Computing Tech",
    "file_path": "D:\\Mphil CS\\IRS\\Assignment\\TXT 1-250\\1.txt"
  },
  "1": {
    "title": "Document Title 2",
    "author": "Unknown Author",
    "abstract": "Efficient Video Retrieval with Advanced Deep Learning Models\nTan Luan Huynh\u2217\nluanhuynh2001@gmail.com\nHo Chi Minh City University of\nTechnology, VNU-HCM\nHo Chi Minh City, Viet Nam\nMinh Toan Dinh\u2217\ntoand",
    "file_path": "D:\\Mphil CS\\IRS\\Assignment\\TXT 1-250\\10.txt"
  },
  "2": {
    "title": "Document Title 3",
    "author": "Unknown Author",
    "abstract": "International Journal of Information Retrieval Research, 3(4), 35-51, October-December 2013   35\nCopyright \u00a9 2013, IGI Global. Copying or distributing in print or electronic forms without written perm",
    "file_path": "D:\\Mphil CS\\IRS\\Assignment\\TXT 1-250\\100.txt"
  },
  "3": {
    "title": "Document Title 4",
    "author": "Unknown Author",
    "abstract": "IEEE TRANSACTIONS ON MULTIMEDIA, VOL. 10, NO. 8, DECEMBER 2008\n1617\nA Mid-Level Representation for Melody-Based\nRetrieval in Audio Collections\nMatija Marolt, Member, IEEE\nAbstract\u2014Searching audio coll",
    "file_path": "D:\\Mphil CS\\IRS\\Assignment\\TXT 1-250\\108.txt"
  },
  "4": {
    "title": "Document Title 5",
    "author": "Unknown Author",
    "abstract": "A review on the application\nof evolutionary computation\nto information retrieval q\nO. Cord\u0001on a,*, E. Herrera-Viedma a, C. L\u0001opez-Pujalte b,\nM. Luque a, C. Zarco c\na Department of Computer Science and",
    "file_path": "D:\\Mphil CS\\IRS\\Assignment\\TXT 1-250\\109.txt"
  },
  "5": {
    "title": "Document Title 6",
    "author": "Unknown Author",
    "abstract": "Binary Embedding-based Retrieval at Tencent\nYukang Gan\u2217\nbrucegan@tencent.com\nARC Lab, Tencent PCG\nYixiao Ge\u2217\nyixiaoge@tencent.com\nARC Lab, Tencent PCG\nChang Zhou\u2217\nchanzhou@tencent.com\nTencent Video, P",
    "file_path": "D:\\Mphil CS\\IRS\\Assignment\\TXT 1-250\\11.txt"
  },
  "6": {
    "title": "Document Title 7",
    "author": "Unknown Author",
    "abstract": "A model of fuzzy linguistic IRS based\non multi-granular linguistic information q\nE. Herrera-Viedma a,*, O. Cord\u0001on a, M. Luque a,\nA.G. Lopez a, A.M. Mu~noz b\na Department of Computer Science and A.I.,",
    "file_path": "D:\\Mphil CS\\IRS\\Assignment\\TXT 1-250\\110.txt"
  },
  "7": {
    "title": "Document Title 8",
    "author": "Unknown Author",
    "abstract": "An Information Retrieval System with Weighted Querying Based on\nMulti-Granular Linguistic Information\nE. Herrera-Viedma, F. Herrera, O. Cord\u00b4on, M. Luque, A.G. L\u00b4opez\nDept. of Computer Science and A.I",
    "file_path": "D:\\Mphil CS\\IRS\\Assignment\\TXT 1-250\\111.txt"
  },
  "8": {
    "title": "Document Title 9",
    "author": "Unknown Author",
    "abstract": " \nSIGIR WORKSHOP REPORT \n \n \nInformation Retrieval in Context \u2013 IRiX \n \nPeter Ingwersen 1 & Kalervo J\u00e4rvelin 2\n1 Department of Information Studies, Royal School of Library and \nInformation Science, Co",
    "file_path": "D:\\Mphil CS\\IRS\\Assignment\\TXT 1-250\\112.txt"
  },
  "9": {
    "title": "Document Title 10",
    "author": "Unknown Author",
    "abstract": "JOURNAL OF INFORMATION SCIENCE AND ENGINEERING 19, 681-695 (2003)\n681\nShort Paper_________________________________________________\nAn Inverted File Cache for Fast Information Retrieval*\nWANN-YUN SHIEH",
    "file_path": "D:\\Mphil CS\\IRS\\Assignment\\TXT 1-250\\113.txt"
  },
  "10": {
    "title": "Document Title 11",
    "author": "Unknown Author",
    "abstract": " \n1067-4136/02/3305-\n$27.00 \u00a9 2002 \n \nMAIK \u201cNauka\n \n/Interperiodica\u201d\n0366\n \nRussian Journal of Ecology, Vol. 33, No. 5, 2002, pp. 366\u2013369. Translated from Ekologiya, No. 5, 2002, pp. 388\u2013392.\nOriginal",
    "file_path": "D:\\Mphil CS\\IRS\\Assignment\\TXT 1-250\\114.txt"
  },
  "11": {
    "title": "Document Title 12",
    "author": "Unknown Author",
    "abstract": "Research of 3D Model for Information Retrieval \nMethods Based on Semantic Tree \nYU Yang\u2013xin \nFaculty of Computer Engineering \nHuaiyin Institute of Technology \nHuai\u2019an,China \nHyyyx@hyit.edu.cn \nWANG Li",
    "file_path": "D:\\Mphil CS\\IRS\\Assignment\\TXT 1-250\\115.txt"
  },
  "12": {
    "title": "Document Title 13",
    "author": "Unknown Author",
    "abstract": "DIRECTORY RETRIEVAL USING VOICE FORM-FILLING\nS. Parthasarathy\nAT&T Labs Research, Florham Park, NJ, USA\nA. Moreno-Daniel\nCenter for Signal and Image Processing\nGeorgia Institute of Technology, Atlanta",
    "file_path": "D:\\Mphil CS\\IRS\\Assignment\\TXT 1-250\\116.txt"
  },
  "13": {
    "title": "Document Title 14",
    "author": "Unknown Author",
    "abstract": "Compressed Domain Image Retrieval Using Thumbnails of Images  \n \n \nVidya R. Khapli  \n K K Wagh Women\u2019s Polytechnic, Nashik, \nM.S., India \nvrkhapli@gmail.com \nAnjali S Bhalchandra \nGovernment Engineeri",
    "file_path": "D:\\Mphil CS\\IRS\\Assignment\\TXT 1-250\\117.txt"
  },
  "14": {
    "title": "Document Title 15",
    "author": "Unknown Author",
    "abstract": "Papers \nCHI 2001 \u2022 31 MARCH \u2013 5 APRIL \n \nVolume No. 3, Issue No. 1 \n \n \n \n \n \n \n \n \n \n CHI 2001      \n \nUsing Thumbnails to Search the Web \n \nAllison Woodruff*, Andrew Faulring*\u2021, Ruth Rosenholtz*, \nJ",
    "file_path": "D:\\Mphil CS\\IRS\\Assignment\\TXT 1-250\\118.txt"
  },
  "15": {
    "title": "Document Title 16",
    "author": "Unknown Author",
    "abstract": "Voice-Input Multimedia Information Retrieval System\nBased on Text-to-image GAN\nRintaro Yanagi\u2020, Ren Togo\u2021, Takahiro Ogawa\u2021, Miki Haseyama\u2021\n\u2020Graduate School of Information Science and Technology, Hokka",
    "file_path": "D:\\Mphil CS\\IRS\\Assignment\\TXT 1-250\\119.txt"
  },
  "16": {
    "title": "Document Title 17",
    "author": "Unknown Author",
    "abstract": "Query-based Multi-Document Summarization by\nClustering of Documents\nNaveen Gopal K R\nDept. of Computer Science and Engineering\nAmrita Vishwa Vidyapeetham\nAmrita School of Engineering\nAmritapuri, Kolla",
    "file_path": "D:\\Mphil CS\\IRS\\Assignment\\TXT 1-250\\12.txt"
  },
  "17": {
    "title": "Document Title 18",
    "author": "Unknown Author",
    "abstract": " \nText Based Video Retrieval among Video Clips \nChi Zhang  \nUniversity of Science and Technology \nBeijing \nBeijing, China \nzhangchi2021@ia.ac.cn \nGuixuan Zhang \nBeijing Engineering Research Center of ",
    "file_path": "D:\\Mphil CS\\IRS\\Assignment\\TXT 1-250\\120.txt"
  },
  "18": {
    "title": "Document Title 19",
    "author": "Unknown Author",
    "abstract": "Using Color Strings Comparison for Video Frames Retrieval \n \n \nChiunhsiun Lin \nNational Taipei University \n69 Sec. 2 Chian_Kwo N. Road, Taipei, Taiwan \nlincs@mail.ntpu.edu.tw \n \n \nChing-Hung Su \nThe D",
    "file_path": "D:\\Mphil CS\\IRS\\Assignment\\TXT 1-250\\121.txt"
  },
  "19": {
    "title": "Document Title 20",
    "author": "Unknown Author",
    "abstract": "IEEE TRANSACTIONS ON MULTIMEDIA, VOL. 10, NO. 8, DECEMBER 2008\n1617\nA Mid-Level Representation for Melody-Based\nRetrieval in Audio Collections\nMatija Marolt, Member, IEEE\nAbstract\u2014Searching audio coll",
    "file_path": "D:\\Mphil CS\\IRS\\Assignment\\TXT 1-250\\122.txt"
  },
  "20": {
    "title": "Document Title 21",
    "author": "Unknown Author",
    "abstract": "UNSUPERVISED ACCURACY IMPROVEMENT FOR COVER SONG\nDETECTION USING SPECTRAL CONNECTIVITY NETWORK\nMathieu Lagrange\nAnalysis-Synthesis team,\nIRCAM-CNRS UMR 9912,\n1 place Igor Stravinsky, 75004 Paris, Fran",
    "file_path": "D:\\Mphil CS\\IRS\\Assignment\\TXT 1-250\\123.txt"
  },
  "21": {
    "title": "Document Title 22",
    "author": "Unknown Author",
    "abstract": "See discussions, stats, and author profiles for this publication at: https://www.researchgate.net/publication/3457998\nEf\ufb01cient Index-Based Audio Matching\nArticle\u00a0\u00a0in\u00a0\u00a0IEEE Transactions on Audio Speech",
    "file_path": "D:\\Mphil CS\\IRS\\Assignment\\TXT 1-250\\124.txt"
  },
  "22": {
    "title": "Document Title 23",
    "author": "Unknown Author",
    "abstract": "MUSIC EMOTION RECOGNITION: A STATE OF THE ART REVIEW\nYoungmoo E. Kim, Erik M. Schmidt, Raymond Migneco, Brandon G. Morton\nPatrick Richardson, Jeffrey Scott, Jacquelin A. Speck, and Douglas Turnbull\u2020\nE",
    "file_path": "D:\\Mphil CS\\IRS\\Assignment\\TXT 1-250\\125.txt"
  },
  "23": {
    "title": "Document Title 24",
    "author": "Unknown Author",
    "abstract": "A Highly Robust Audio Fingerprinting System \nA Highly Robust Audio Fingerprinting System \nJaap Haitsma \nPhilips Research \nProf. Holstlaan 4, 5616 BA,  \nEindhoven, The Netherlands \n++31-40-2742648 \nJaa",
    "file_path": "D:\\Mphil CS\\IRS\\Assignment\\TXT 1-250\\126.txt"
  },
  "24": {
    "title": "Document Title 25",
    "author": "Unknown Author",
    "abstract": "TOWARD CHARACTERISTIC AUDIO SHINGLES FOR EFFICIENT\nCROSS-VERSION MUSIC RETRIEVAL\nPeter Grosche and Meinard M\u00a8uller\nSaarland University and MPI Informatik\n{pgrosche,meinard}@mpi-inf.mpg.de\nABSTRACT\nThe",
    "file_path": "D:\\Mphil CS\\IRS\\Assignment\\TXT 1-250\\127.txt"
  },
  "25": {
    "title": "Document Title 26",
    "author": "Unknown Author",
    "abstract": "12th International Society for Music Information Retrieval Conference (ISMIR 2011)\nAUTOMATIC ASSESSMENT OF SINGER TRAITS IN POPULAR MUSIC:\nGENDER, AGE, HEIGHT AND RACE\nFelix Weninger, Martin W\u00a8ollmer,",
    "file_path": "D:\\Mphil CS\\IRS\\Assignment\\TXT 1-250\\128.txt"
  },
  "26": {
    "title": "Document Title 27",
    "author": "Unknown Author",
    "abstract": "R. Moreno-D\u00edaz et al. (Eds.): EUROCAST 2001, LNCS 2178, pp. 343-351, 2001.\n\uf8e9 Springer-Verlag Berlin Heidelberg 2001\nAn Online Information Retrieval Systems by Means of\nArtificial Neural Networks\nMarta",
    "file_path": "D:\\Mphil CS\\IRS\\Assignment\\TXT 1-250\\129.txt"
  },
  "27": {
    "title": "Document Title 28",
    "author": "Unknown Author",
    "abstract": "An Analysis of Query Dif\ufb01culty for Information Retrieval in\nthe Medical Domain\nLorraine Goeuriot\nCNGL, School of Computing\nDublin City University\nIreland\nlgoeuriot@computing.dcu.ie\nLiadh Kelly\nCNGL, S",
    "file_path": "D:\\Mphil CS\\IRS\\Assignment\\TXT 1-250\\13.txt"
  },
  "28": {
    "title": "Document Title 29",
    "author": "Unknown Author",
    "abstract": "Gender Fairness in Information Retrieval Systems\nAmin Bigdeli\nabigdeli@ryerson.ca\nRyerson University, Canada\nNegar Arabzadeh\nnarabzad@uwaterloo.ca\nUniversity of Waterloo, Canada\nShirin SeyedSalehi\nshi",
    "file_path": "D:\\Mphil CS\\IRS\\Assignment\\TXT 1-250\\130.txt"
  },
  "29": {
    "title": "Document Title 30",
    "author": "Unknown Author",
    "abstract": "Improving Efficiency and Robustness of Transformer-based\nInformation Retrieval Systems\nEdmon Begoli\nbegolie@ornl.gov\nOak Ridge National Laboratory\n(ORNL)\nOak Ridge, Tennessee, USA\nSudarshan Srinivas\ns",
    "file_path": "D:\\Mphil CS\\IRS\\Assignment\\TXT 1-250\\131.txt"
  },
  "30": {
    "title": "Document Title 31",
    "author": "Unknown Author",
    "abstract": "Product Information Browsing Support System Using Analytic\nHierarchy Process\nWeijian Li\nDepartment of Computer Science,\nGraduate School of Engineering,\nNagoya Institute of Technology\nNagoya, Aichi, Ja",
    "file_path": "D:\\Mphil CS\\IRS\\Assignment\\TXT 1-250\\132.txt"
  },
  "31": {
    "title": "Document Title 32",
    "author": "Unknown Author",
    "abstract": "Research on the Application of Computer Big Data Retrieval\nTechnology and Cloud Computing in Internet Course\nPeisheng Li\nShandong Vocational College of Science & Technology, Weifang 261053, Shandong P",
    "file_path": "D:\\Mphil CS\\IRS\\Assignment\\TXT 1-250\\133.txt"
  },
  "32": {
    "title": "Document Title 33",
    "author": "Unknown Author",
    "abstract": "69\nArabic Word Sense Disambiguation for Information\nRetrieval\nMOHAMMED ALAEDDINE ABDERRAHIM and MOHAMMED EL-AMINE\nABDERRAHIM, Laboratoire de Traitement Automatique de la Langue Arabe (LTALA), Tlemcen ",
    "file_path": "D:\\Mphil CS\\IRS\\Assignment\\TXT 1-250\\134.txt"
  },
  "33": {
    "title": "Document Title 34",
    "author": "Unknown Author",
    "abstract": "Architecture of Knowledge Extraction System based on NLP\nWei Zhuang\u2217\nPactera EDGE, Redmond, USA, e-mail:\nZhuangwei2021@126.com\nABSTRACT\nKnowledge extraction is to extract useful structured text inform",
    "file_path": "D:\\Mphil CS\\IRS\\Assignment\\TXT 1-250\\135.txt"
  },
  "34": {
    "title": "Document Title 35",
    "author": "Unknown Author",
    "abstract": "Research on an Improved Algorithm of Professional \nInformation Retrieval System \nHuajia Wang \nGuangdong Polytechnic Normal \nUniversity \n86+18702049343.China. \n910291117@qq.com\nRuo HU* \nGuangdong Polyt",
    "file_path": "D:\\Mphil CS\\IRS\\Assignment\\TXT 1-250\\136.txt"
  },
  "35": {
    "title": "Document Title 36",
    "author": "Unknown Author",
    "abstract": "Workshop on Fairness, Accountability, Confidentiality,\nTransparency, and Safety in Information Retrieval (FACTS-IR)\nAlexandra Olteanu\nMicrosoft Research\nMontreal & New York City\nalexandra.olteanu@micr",
    "file_path": "D:\\Mphil CS\\IRS\\Assignment\\TXT 1-250\\137.txt"
  },
  "36": {
    "title": "Document Title 37",
    "author": "Unknown Author",
    "abstract": "Effort-based Information Retrieval Evaluation with Varied \nEvaluation Depth and Topic Sizes \nPrabha Rajagopal \nDepartment of Information Systems \nFaculty of Computer Science and Information  \nTechnolo",
    "file_path": "D:\\Mphil CS\\IRS\\Assignment\\TXT 1-250\\138.txt"
  },
  "37": {
    "title": "Document Title 38",
    "author": "Unknown Author",
    "abstract": "Dynamic Cluster-based Retrieval and Discovery\nfor Biomedical Literature\nMichael Segundo Ortiz\nCarolina Health Informatics Program,\nUniversity of North Carolina at\nChapel Hill\nChapel Hill, NC, USA\nmsor",
    "file_path": "D:\\Mphil CS\\IRS\\Assignment\\TXT 1-250\\139.txt"
  },
  "38": {
    "title": "Document Title 39",
    "author": "Unknown Author",
    "abstract": "Documents Search Using Semantics Criteria \nSantiago Cotelo \nAlejandro Makowski \nLuis Chiruzzo \nDina Wonsever \nInstituto de Computaci\u00f3n \nFacultad de Ingenier\u00eda, Universidad de la Rep\u00fablica \nMontevideo,",
    "file_path": "D:\\Mphil CS\\IRS\\Assignment\\TXT 1-250\\14.txt"
  },
  "39": {
    "title": "Document Title 40",
    "author": "Unknown Author",
    "abstract": "Comparing Traceability through Information\nRetrieval, Commits, Interaction Logs, and Tags\nMarcus Seiler, Paul H\u00a8ubner, and Barbara Paech\nHeidelberg University, Software Engineering Group, Heidelberg, ",
    "file_path": "D:\\Mphil CS\\IRS\\Assignment\\TXT 1-250\\140.txt"
  },
  "40": {
    "title": "Document Title 41",
    "author": "Unknown Author",
    "abstract": "An Interactive Image Retrieval Approach\nto Searching for Images on Social Media\nManali Gaikwad\nDepartment of Computer Science\nUniversity of Regina\nRegina, SK, Canada\ngaikwadm@uregina.ca\nOrland Hoeber\n",
    "file_path": "D:\\Mphil CS\\IRS\\Assignment\\TXT 1-250\\141.txt"
  },
  "41": {
    "title": "Document Title 42",
    "author": "Unknown Author",
    "abstract": "A Hybrid Retrieval-Generation Neural Conversation Model\nLiu Yang \u22171\nJunjie Hu2\nMinghui Qiu3\nChen Qu 1\nJianfeng Gao4\nW. Bruce Croft1\nXiaodong Liu4\nYelong Shen5\nJingjing Liu4\n1 Center for Intelligent In",
    "file_path": "D:\\Mphil CS\\IRS\\Assignment\\TXT 1-250\\142.txt"
  },
  "42": {
    "title": "Document Title 43",
    "author": "Unknown Author",
    "abstract": "Neuro-Fuzzy Based Integrated and  \nOptimized Search Engine for Effective and Reliable  \nInformation Retrieval System \nS R Tandan \nDr. C. V Raman University \nKargi Road, Kota \nBilaspur, Chhattisgarh, I",
    "file_path": "D:\\Mphil CS\\IRS\\Assignment\\TXT 1-250\\15.txt"
  },
  "43": {
    "title": "Document Title 44",
    "author": "Unknown Author",
    "abstract": "Exploring Peripheral Physiology as a Predictor of Perceived\nRelevance in Information Retrieval\nOswald Barral1, Manuel J. A. Eugster2, Tuukka Ruotsalo3, Michiel M. Spap\u00b4e3,\nIlkka Kosunen1, Niklas Ravaj",
    "file_path": "D:\\Mphil CS\\IRS\\Assignment\\TXT 1-250\\151.txt"
  },
  "44": {
    "title": "Document Title 45",
    "author": "Unknown Author",
    "abstract": "1\nUser Activity Patterns During Information Search\nMICHAEL J. COLE, CHATHRA HENDAHEWA, NICHOLAS J. BELKIN,\nand CHIRAG SHAH, Rutgers University\nPersonalization of support for information seeking depend",
    "file_path": "D:\\Mphil CS\\IRS\\Assignment\\TXT 1-250\\152.txt"
  },
  "45": {
    "title": "Document Title 46",
    "author": "Unknown Author",
    "abstract": "Information Retrieval as Card Playing: A Formal Model for\nOptimizing Interactive Retrieval Interface\nYinan Zhang\nDepartment of Computer Science\nUniversity of Illinois at Urbana-Champaign\nUrbana, IL 61",
    "file_path": "D:\\Mphil CS\\IRS\\Assignment\\TXT 1-250\\153.txt"
  },
  "46": {
    "title": "Document Title 47",
    "author": "Unknown Author",
    "abstract": "Using Term Location Information to Enhance Probabilistic\nInformation Retrieval\nBaiyan Liu, Xiangdong An, Jimmy Xiangji Huang\nInformation Retrieval and Knowledge Management Research Lab\nSchool of Infor",
    "file_path": "D:\\Mphil CS\\IRS\\Assignment\\TXT 1-250\\154.txt"
  },
  "47": {
    "title": "Document Title 48",
    "author": "Unknown Author",
    "abstract": "Enhancing Mathematics Information Retrieval\nMartin L\u00ed\u0161ka\nFaculty of Informatics, Masaryk University, Botanick\u00e1 68a, 602 00 Brno, Czech Republic\n255768@mail.muni.cz\nCategories and Subject Descriptors\nH",
    "file_path": "D:\\Mphil CS\\IRS\\Assignment\\TXT 1-250\\155.txt"
  },
  "48": {
    "title": "Document Title 49",
    "author": "Unknown Author",
    "abstract": "Dynamic Information Retrieval: Theoretical Framework and\nApplication\nMarc Sloan and Jun Wang\nDepartment of Computer Science\nUniversity College London\nM.Sloan@cs.ucl.ac.uk, J.Wang@cs.ucl.ac.uk\nABSTRACT",
    "file_path": "D:\\Mphil CS\\IRS\\Assignment\\TXT 1-250\\156.txt"
  },
  "49": {
    "title": "Document Title 50",
    "author": "Unknown Author",
    "abstract": "Improving Throughput of a Pipeline Model Indexer\nMatt Crane\nDepartment of Computer\nScience\nUniversity of Otago\nDunedin, New Zealand\nmcrane@cs.otago.ac.nz\nAndrew Trotman\neBay Inc.\natrotman@ebay.com\nDav",
    "file_path": "D:\\Mphil CS\\IRS\\Assignment\\TXT 1-250\\157.txt"
  },
  "50": {
    "title": "Document Title 51",
    "author": "Unknown Author",
    "abstract": "Visualized Related Topics (VRT) System for Health \nInformation Retrieval \nABSTRACT \nTo help bridge the gap between consumer user\u2019s vocabulary and \ncontrolled vocabulary used to index health informatio",
    "file_path": "D:\\Mphil CS\\IRS\\Assignment\\TXT 1-250\\16.txt"
  },
  "51": {
    "title": "Document Title 52",
    "author": "Unknown Author",
    "abstract": "Speci\ufb01c Person Retrieval via Incomplete Text Description\nMang Ye1,2, Chao Liang1,2,\u2217, Zheng Wang1,2, Qingming Leng3, Jun Chen1,2, Jun Liu1,2\n1National Engineering Research Center for Multimedia Softwa",
    "file_path": "D:\\Mphil CS\\IRS\\Assignment\\TXT 1-250\\17.txt"
  },
  "52": {
    "title": "Document Title 53",
    "author": "Unknown Author",
    "abstract": "A Novel Image Retrieval System with Real-Time Eye\nTracking\nQingyong Li, Mei Tian, Jun Liu, Jinrui Sun\nBeijing Key Lab of Transportation Data Analysis and Mining, Beijing Jiaotong University, Beijing, ",
    "file_path": "D:\\Mphil CS\\IRS\\Assignment\\TXT 1-250\\173.txt"
  },
  "53": {
    "title": "Document Title 54",
    "author": "Unknown Author",
    "abstract": "User-Driven System-Mediated Collaborative Information\nRetrieval\nLaure Soulier\nUniversit\u00e9 de Toulouse UPS\nIRIT\n118 route de Narbonne\nF-31062 Toulouse, France\nsoulier@irit.fr\nChirag Shah\nSchool of Commu",
    "file_path": "D:\\Mphil CS\\IRS\\Assignment\\TXT 1-250\\174.txt"
  },
  "54": {
    "title": "Document Title 55",
    "author": "Unknown Author",
    "abstract": "On the Information Difference between Standard Retrieval\nModels\nPeter B. Golbus and Javed A. Aslam\nCollege of Computer and Information Science\nNortheastern University\nBoston, MA, USA\npgolbus,jaa@ccs.n",
    "file_path": "D:\\Mphil CS\\IRS\\Assignment\\TXT 1-250\\175.txt"
  },
  "55": {
    "title": "Document Title 56",
    "author": "Unknown Author",
    "abstract": "Locality Mutual Clustering for Document Retrieval \nKhu Phi Nguyen \nUniversity of Information Technology  \nVietnam National University - HCMC \nQ.6, Linh Trung, Thu Duc, HCMC, Vietnam \n+84 8 372 52 002 ",
    "file_path": "D:\\Mphil CS\\IRS\\Assignment\\TXT 1-250\\176.txt"
  },
  "56": {
    "title": "Document Title 57",
    "author": "Unknown Author",
    "abstract": "When textual and visual information join forces for\nmultimedia retrieval\nBahjat Safadi\nEURECOM\nSophia Antipolis, France\nsafadi@eurecom.fr\nMathilde Sahuguet\nEURECOM\nSophia Antipolis, France\nsahuguet@eu",
    "file_path": "D:\\Mphil CS\\IRS\\Assignment\\TXT 1-250\\177.txt"
  },
  "57": {
    "title": "Document Title 58",
    "author": "Unknown Author",
    "abstract": "Establishing an Online Access Panel for Interactive \nInformation Retrieval Research \nDagmar Kern \nGESIS \u2013 Leibniz Institute for the  \nSocial Sciences \nUnter Sachsenhausen 6-8 \n50667 Cologne, Germany \n",
    "file_path": "D:\\Mphil CS\\IRS\\Assignment\\TXT 1-250\\178.txt"
  },
  "58": {
    "title": "Document Title 59",
    "author": "Unknown Author",
    "abstract": "A Comparison of Information Retrieval Models \n        Mandeep Pannu   \n   Anne James \n    Robert Bird \nKwantlen polytechnic university \n     Coventry University      \n      Coventry University \n Facul",
    "file_path": "D:\\Mphil CS\\IRS\\Assignment\\TXT 1-250\\179.txt"
  },
  "59": {
    "title": "Document Title 60",
    "author": "Unknown Author",
    "abstract": "Domain Speci\ufb01c Information Retrieval and Text Mining in\nMedical Document\nSanghoon Lee\nDepartment of Computer\nScience\nGeorgia State University\nAtlanta, Georgia\nslee172@student.gsu.edu\nYanjun Zhao\nDepar",
    "file_path": "D:\\Mphil CS\\IRS\\Assignment\\TXT 1-250\\18.txt"
  },
  "60": {
    "title": "Document Title 61",
    "author": "Unknown Author",
    "abstract": "An Intermediate Query Model for Structured Retrieval\u2019s\nQueries Construction\nKeng Hoon Gan\nSchool of Computer Sciences\nUniversiti Sains Malaysia\n11800 USM Penang Malaysia\nkhgan@cs.usm.my\nKeat Keong Pha",
    "file_path": "D:\\Mphil CS\\IRS\\Assignment\\TXT 1-250\\180.txt"
  },
  "61": {
    "title": "Document Title 62",
    "author": "Unknown Author",
    "abstract": "A Case for Improved Evaluation of Query Dif\ufb01culty\nPrediction\nFalk Scholer\nSteven Garcia\nSchool of Computer Science & IT\nRMIT University, GPO Box 2476V\nMelbourne, Australia, 3001\n{falk.scholer,steven.g",
    "file_path": "D:\\Mphil CS\\IRS\\Assignment\\TXT 1-250\\188.txt"
  },
  "62": {
    "title": "Document Title 63",
    "author": "Unknown Author",
    "abstract": "Building Knowledge Base \nfor Vietnamese Information Retrieval  \nThanh C. Nguyen \nCSE Faculty, HCMC UT \n268 Ly Thuong Kiet, 10th district, HCMC, Vietnam \nthanh@cse.hcmut.edu.vn \nHai M. Le, Tuoi T. Phan",
    "file_path": "D:\\Mphil CS\\IRS\\Assignment\\TXT 1-250\\189.txt"
  },
  "63": {
    "title": "Document Title 64",
    "author": "Unknown Author",
    "abstract": "Image-Text Cross-Modal Retrieval via Modality-Speci\ufb01c\nFeature Learning\nJian Wang, Yonghao He, Cuicui Kang, Shiming Xiang, Chunhong Pan\n{jian.wang, yhhe, cckang, smxiang, chpan}@nlpr.ia.ac.cn\nABSTRACT\n",
    "file_path": "D:\\Mphil CS\\IRS\\Assignment\\TXT 1-250\\19.txt"
  },
  "64": {
    "title": "Document Title 65",
    "author": "Unknown Author",
    "abstract": "Proceedings of the ACL-IJCNLP 2009 Student Research Workshop, pages 63\u201371,\nSuntec, Singapore, 4 August 2009. c\u20dd2009 ACL and AFNLP\n \nOptimizing Language Model Information Retrieval System with  \nExpect",
    "file_path": "D:\\Mphil CS\\IRS\\Assignment\\TXT 1-250\\190.txt"
  },
  "65": {
    "title": "Document Title 66",
    "author": "Unknown Author",
    "abstract": "Topic Structure for Information Retrieval\nJiyin He\nISLA, University of Amsterdam\nScience Park 107, 1098 XG Amsterdam\nj.he@uva.nl\nABSTRACT\nIn my research, I propose a coherence measure, with the\ngoal o",
    "file_path": "D:\\Mphil CS\\IRS\\Assignment\\TXT 1-250\\191.txt"
  },
  "66": {
    "title": "Document Title 67",
    "author": "Unknown Author",
    "abstract": "An Alignment Based System for Chord Sequence Retrieval\nPierre Hanna, Matthias Robine and Thomas Rocher\n\u2217\nLaBRI - Universit\u00e9 de Bordeaux\nF-33405 Talence cedex, France\n\ufb01rstname.name@labri.fr\nABSTRACT\nMu",
    "file_path": "D:\\Mphil CS\\IRS\\Assignment\\TXT 1-250\\192.txt"
  },
  "67": {
    "title": "Document Title 68",
    "author": "Unknown Author",
    "abstract": "Journal of Intelligent Information Systems\nEvaluation in Music Information Retrieval\nJuli\u00b4an Urbano \u00b7 Markus Schedl \u00b7 Xavier Serra\nReceived: 19 November 2012 / Accepted: 9 May 2013\nAbstract The \ufb01eld o",
    "file_path": "D:\\Mphil CS\\IRS\\Assignment\\TXT 1-250\\193.txt"
  },
  "68": {
    "title": "Document Title 69",
    "author": "Unknown Author",
    "abstract": "ORIGINAL PAPER\nWeb Information Retrieval for Health Professionals\nS. L. Ting & Eric W. K. See-To & Y. K. Tse\nReceived: 5 February 2013 /Accepted: 25 March 2013\n# Springer Science+Business Media New Yo",
    "file_path": "D:\\Mphil CS\\IRS\\Assignment\\TXT 1-250\\194.txt"
  },
  "69": {
    "title": "Document Title 70",
    "author": "Unknown Author",
    "abstract": "Using CrowdLogger for In Situ Information Retrieval\nSystem Evaluation\nHenry Feild\nComputer Science Department\nEndicott College\nBeverly, Massachusetts, USA\nhfeild@endicott.edu\nJames Allan\nCenter for In",
    "file_path": "D:\\Mphil CS\\IRS\\Assignment\\TXT 1-250\\195.txt"
  },
  "70": {
    "title": "Document Title 71",
    "author": "Unknown Author",
    "abstract": "International Journal of Computer Applications (0975 \u2013 8887)  \nVolume 66\u2013 No.6, March 2013  \n14 \nSurvey Paper on Information Retrieval Algorithms and \nPersonalized Information Retrieval Concept \n \nPar",
    "file_path": "D:\\Mphil CS\\IRS\\Assignment\\TXT 1-250\\196.txt"
  },
  "71": {
    "title": "Document Title 72",
    "author": "Unknown Author",
    "abstract": " \nUsing Arabic Wordnet for semantic indexation in information \nretrieval system \nMohammed Alaeddine Abderrahim1, Mohammed El Amine Abderrahim2 \nMohammed Amine Chikh2 \n \n 1 Department of Computer Scien",
    "file_path": "D:\\Mphil CS\\IRS\\Assignment\\TXT 1-250\\197.txt"
  },
  "72": {
    "title": "Document Title 73",
    "author": "Unknown Author",
    "abstract": "53 \nQuery Expansion in Information Retrieval Systems using a Bayesian \nNetwork-Based Thesaurus \nLuis M. de Campos, Juan M. Fernandez, Juan F. Huete \nDepartamento de Ciencias de la Computaci6n e I.A. \n",
    "file_path": "D:\\Mphil CS\\IRS\\Assignment\\TXT 1-250\\198.txt"
  },
  "73": {
    "title": "Document Title 74",
    "author": "Unknown Author",
    "abstract": "Improving Bug Localization using Structured\nInformation Retrieval\nRipon K. Saha\u2217\nMatthew Lease\u2020\nSarfraz Khurshid\u2217\nDewayne E. Perry\u2217\n\u2217Department of Electrical and Computer Engineering\n\u2020School of Inform",
    "file_path": "D:\\Mphil CS\\IRS\\Assignment\\TXT 1-250\\199.txt"
  },
  "74": {
    "title": "Document Title 75",
    "author": "Unknown Author",
    "abstract": "BiTe-REx: An Explainable Bilingual Text Retrieval System in the\nAutomotive Domain\nViju Sudhi\nSabine Wehnert\u2217\nviju.sudhi@st.ovgu.de\nsabine.wehnert@ovgu.de\nOtto von Guericke University\nMagdeburg, German",
    "file_path": "D:\\Mphil CS\\IRS\\Assignment\\TXT 1-250\\2.txt"
  },
  "75": {
    "title": "Document Title 76",
    "author": "Unknown Author",
    "abstract": "IEEE/ACM TRANSACTIONS ON AUDIO, SPEECH, AND LANGUAGE PROCESSING, VOL. 23, NO. 9, SEPTEMBER 2015\n1389\nSpoken Content Retrieval\u2014Beyond Cascading\nSpeech Recognition with Text Retrieval\nLin-shan Lee, Fell",
    "file_path": "D:\\Mphil CS\\IRS\\Assignment\\TXT 1-250\\20.txt"
  },
  "76": {
    "title": "Document Title 77",
    "author": "Unknown Author",
    "abstract": "Advance in Electronic and Electric Engineering  \nISSN 2231-1297, Volume 3, Number 1 (2013), pp. 63-70 \n\u00a9 Research India Publications \nhttp://www.ripublication.com/aeee.htm \n \n \n \nIntelligent Informati",
    "file_path": "D:\\Mphil CS\\IRS\\Assignment\\TXT 1-250\\200.txt"
  },
  "77": {
    "title": "Document Title 78",
    "author": "Unknown Author",
    "abstract": "Context Retrieval for Web Tables\nHong Wang*, Anqi Liu*, Jing Wang*, Brian D. Ziebart*, Clement T. Yu*, Warren Shen\u2020\n*Department of Computer Science\nUniversity of Illinois at Chicago\nChicago, IL 60607\n",
    "file_path": "D:\\Mphil CS\\IRS\\Assignment\\TXT 1-250\\21.txt"
  },
  "78": {
    "title": "Document Title 79",
    "author": "Unknown Author",
    "abstract": "ARTICLE\nOPEN\nCOVID-19 information retrieval with deep-learning based\nsemantic search, question answering, and abstractive\nsummarization\nAndre Esteva\n1,3\u2709, Anuprit Kale1,3, Romain Paulus1, Kazuma Hashi",
    "file_path": "D:\\Mphil CS\\IRS\\Assignment\\TXT 1-250\\214.txt"
  },
  "79": {
    "title": "Document Title 80",
    "author": "Unknown Author",
    "abstract": "Facilitating Knowledge Sharing and Reuse in Information \nService Using Information Retrieval Technique \nPrompong Sugunnasil \nCollege of Arts, Media and Technology \nChiang Mai University \nChiang Mai, T",
    "file_path": "D:\\Mphil CS\\IRS\\Assignment\\TXT 1-250\\215.txt"
  },
  "80": {
    "title": "Document Title 81",
    "author": "Unknown Author",
    "abstract": "A Reproducibility Study of Information Retrieval Models\nPeilin Yang\nUniversity of Delaware\nNewark, DE 19716\nUnited States\nfranklyn@udel.edu\nHui Fang\nUniversity of Delaware\nNewark, DE 19716\nUnited Stat",
    "file_path": "D:\\Mphil CS\\IRS\\Assignment\\TXT 1-250\\216.txt"
  },
  "81": {
    "title": "Document Title 82",
    "author": "Unknown Author",
    "abstract": "Contextual Support for Collaborative Information Retrieval\nShuguang Han1, Daqing He1, Zhen Yue2 and Jiepu Jiang3\n1 University of Pittsburgh, 135 N Belle\ufb01eld Ave., Pittsburgh, PA, USA\n2 Yahoo! Labs, 70",
    "file_path": "D:\\Mphil CS\\IRS\\Assignment\\TXT 1-250\\217.txt"
  },
  "82": {
    "title": "Document Title 83",
    "author": "Unknown Author",
    "abstract": "A language based comparison of different similarity \nfunctions and classifiers using web based Bilingual \nQuestion Answering System developed using Machine \nLearning Approach \n \nKrishma Singla       \n",
    "file_path": "D:\\Mphil CS\\IRS\\Assignment\\TXT 1-250\\218.txt"
  },
  "83": {
    "title": "Document Title 84",
    "author": "Unknown Author",
    "abstract": "Deep Learning for Information Retrieval\nHang Li\nNoah\u2019s Ark Lab, Huawei Technologies\nHong Kong Science Park\nShatin, Hong Kong\nhangli.hl@huawei.com\nZhengdong Lu\nNoah\u2019s Ark Lab, Huawei Technologies\nHong ",
    "file_path": "D:\\Mphil CS\\IRS\\Assignment\\TXT 1-250\\219.txt"
  },
  "84": {
    "title": "Document Title 85",
    "author": "Unknown Author",
    "abstract": "Integrated Real-Time Data Stream Analysis and\nSketch-Based Video Retrieval in Team Sports\nLukas Probst, Fabian Rauschenbach, Heiko Schuldt\nDepartment of Mathematics and Computer Science\nUniversity of ",
    "file_path": "D:\\Mphil CS\\IRS\\Assignment\\TXT 1-250\\22.txt"
  },
  "85": {
    "title": "Document Title 86",
    "author": "Unknown Author",
    "abstract": "A New Readability Measure for Web Documents and its\nEvaluation on an Effective Web Search Engine\nYume Sasaki\nDepartment of Computer\nScience\nTokyo Institute of Technology\nsasaki@lsc.cs.titech.ac.jp\nTak",
    "file_path": "D:\\Mphil CS\\IRS\\Assignment\\TXT 1-250\\220.txt"
  },
  "86": {
    "title": "Document Title 87",
    "author": "Unknown Author",
    "abstract": "FIN10K: A Web-based Information System\nfor Financial Report Analysis and Visualization\nYu-Wen Liu\u2217, Liang-Chih Liu\u2020, Chuan-Ju Wang\u2021, and Ming-Feng Tsai\u2217\n\u2217Department of Computer Science, National Cheng",
    "file_path": "D:\\Mphil CS\\IRS\\Assignment\\TXT 1-250\\221.txt"
  },
  "87": {
    "title": "Document Title 88",
    "author": "Unknown Author",
    "abstract": "IEEE TRANSACTIONS ON MULTIMEDIA, VOL. 10, NO. 8, DECEMBER 2008\n1617\nA Mid-Level Representation for Melody-Based\nRetrieval in Audio Collections\nMatija Marolt, Member, IEEE\nAbstract\u2014Searching audio coll",
    "file_path": "D:\\Mphil CS\\IRS\\Assignment\\TXT 1-250\\222.txt"
  },
  "88": {
    "title": "Document Title 89",
    "author": "Unknown Author",
    "abstract": "UNSUPERVISED ACCURACY IMPROVEMENT FOR COVER SONG\nDETECTION USING SPECTRAL CONNECTIVITY NETWORK\nMathieu Lagrange\nAnalysis-Synthesis team,\nIRCAM-CNRS UMR 9912,\n1 place Igor Stravinsky, 75004 Paris, Fran",
    "file_path": "D:\\Mphil CS\\IRS\\Assignment\\TXT 1-250\\223.txt"
  },
  "89": {
    "title": "Document Title 90",
    "author": "Unknown Author",
    "abstract": "See discussions, stats, and author profiles for this publication at: https://www.researchgate.net/publication/3457998\nEf\ufb01cient Index-Based Audio Matching\nArticle\u00a0\u00a0in\u00a0\u00a0IEEE Transactions on Audio Speech",
    "file_path": "D:\\Mphil CS\\IRS\\Assignment\\TXT 1-250\\224.txt"
  },
  "90": {
    "title": "Document Title 91",
    "author": "Unknown Author",
    "abstract": "MUSIC EMOTION RECOGNITION: A STATE OF THE ART REVIEW\nYoungmoo E. Kim, Erik M. Schmidt, Raymond Migneco, Brandon G. Morton\nPatrick Richardson, Jeffrey Scott, Jacquelin A. Speck, and Douglas Turnbull\u2020\nE",
    "file_path": "D:\\Mphil CS\\IRS\\Assignment\\TXT 1-250\\225.txt"
  },
  "91": {
    "title": "Document Title 92",
    "author": "Unknown Author",
    "abstract": "A Highly Robust Audio Fingerprinting System \nA Highly Robust Audio Fingerprinting System \nJaap Haitsma \nPhilips Research \nProf. Holstlaan 4, 5616 BA,  \nEindhoven, The Netherlands \n++31-40-2742648 \nJaa",
    "file_path": "D:\\Mphil CS\\IRS\\Assignment\\TXT 1-250\\226.txt"
  },
  "92": {
    "title": "Document Title 93",
    "author": "Unknown Author",
    "abstract": "TOWARD CHARACTERISTIC AUDIO SHINGLES FOR EFFICIENT\nCROSS-VERSION MUSIC RETRIEVAL\nPeter Grosche and Meinard M\u00a8uller\nSaarland University and MPI Informatik\n{pgrosche,meinard}@mpi-inf.mpg.de\nABSTRACT\nThe",
    "file_path": "D:\\Mphil CS\\IRS\\Assignment\\TXT 1-250\\227.txt"
  },
  "93": {
    "title": "Document Title 94",
    "author": "Unknown Author",
    "abstract": "12th International Society for Music Information Retrieval Conference (ISMIR 2011)\nAUTOMATIC ASSESSMENT OF SINGER TRAITS IN POPULAR MUSIC:\nGENDER, AGE, HEIGHT AND RACE\nFelix Weninger, Martin W\u00a8ollmer,",
    "file_path": "D:\\Mphil CS\\IRS\\Assignment\\TXT 1-250\\228.txt"
  },
  "94": {
    "title": "Document Title 95",
    "author": "Unknown Author",
    "abstract": "Deep Learning for Content-Based Image Retrieval:\nA Comprehensive Study\nJi Wan1,2,5, Dayong Wang3, Steven C.H. Hoi2, Pengcheng Wu3,\nJianke Zhu4, Yongdong Zhang1, Jintao Li1\n1Key Laboratory of Intellige",
    "file_path": "D:\\Mphil CS\\IRS\\Assignment\\TXT 1-250\\229.txt"
  },
  "95": {
    "title": "Document Title 96",
    "author": "Unknown Author",
    "abstract": "Interactive Story Maker: Tagged Video Retrieval System for\nVideo Re-creation Service\nChang-Uk Kwak\nSmart Media Research Group, Electronic\nTelecommunications Research Institute\ncukwak@etri.re.kr\nMin-Ho",
    "file_path": "D:\\Mphil CS\\IRS\\Assignment\\TXT 1-250\\23.txt"
  },
  "96": {
    "title": "Document Title 97",
    "author": "Unknown Author",
    "abstract": "Information Fusion 37 (2017) 50\u201360 \nContents lists available at ScienceDirect \nInformation Fusion \njournal homepage: www.elsevier.com/locate/inffus \nInformation fusion in content based image retrieval",
    "file_path": "D:\\Mphil CS\\IRS\\Assignment\\TXT 1-250\\230.txt"
  },
  "97": {
    "title": "Document Title 98",
    "author": "Unknown Author",
    "abstract": "An efficient content based image retrieval framework using separable\nCNNs\nSunita Rani1 \u2022 Geeta Kasana1 \u2022 Shalini Batra1\nReceived: 19 February 2024 / Revised: 19 August 2024 / Accepted: 23 August 2024 ",
    "file_path": "D:\\Mphil CS\\IRS\\Assignment\\TXT 1-250\\231.txt"
  },
  "98": {
    "title": "Document Title 99",
    "author": "Unknown Author",
    "abstract": "Citation: Sikandar, S.; Mahum, R.;\nAlsalman, A. A Novel Hybrid\nApproach for a Content-Based Image\nRetrieval Using Feature Fusion. Appl.\nSci. 2023, 13, 4581. https://doi.org/\n10.3390/app13074581\nAcadem",
    "file_path": "D:\\Mphil CS\\IRS\\Assignment\\TXT 1-250\\232.txt"
  },
  "99": {
    "title": "Document Title 100",
    "author": "Unknown Author",
    "abstract": "Content-Based Image Retrieval: Theory and Applications\nRicardo da Silva Torres 1\nAlexandre Xavier Falc\u00e3o 1\nAbstract:\nAdvances in data storage and image acquisition technologies have enabled the cre-\na",
    "file_path": "D:\\Mphil CS\\IRS\\Assignment\\TXT 1-250\\233.txt"
  },
  "100": {
    "title": "Document Title 101",
    "author": "Unknown Author",
    "abstract": "Cogent Engineering\nISSN: (Print) (Online) Journal homepage: www.tandfonline.com/journals/oaen20\nContent-based image retrieval: A review of recent trends\nIbtihaal M. Hameed, Sadiq H. Abdulhussain & Bas",
    "file_path": "D:\\Mphil CS\\IRS\\Assignment\\TXT 1-250\\234.txt"
  },
  "101": {
    "title": "Document Title 102",
    "author": "Unknown Author",
    "abstract": "Content-Based Image Retrieval - Approaches and Trends\nof the New Age\nRitendra Datta, Jia Li, and James Z. Wang\nThe Pennsylvania State University\nUniversity Park, PA 16802, USA\ndatta@cse.psu.edu, jiali",
    "file_path": "D:\\Mphil CS\\IRS\\Assignment\\TXT 1-250\\235.txt"
  },
  "102": {
    "title": "Document Title 103",
    "author": "Unknown Author",
    "abstract": "O R I G I N A L A R T I C L E\nContent-based image retrieval using a fusion of global and\nlocal features\nHee Hyung Bu1\n|\nNam Chul Kim2\n|\nSung Ho Kim1\n1School of Computer Science and\nEngineering, Kyungp",
    "file_path": "D:\\Mphil CS\\IRS\\Assignment\\TXT 1-250\\236.txt"
  },
  "103": {
    "title": "Document Title 104",
    "author": "Unknown Author",
    "abstract": "International Journal of Computer Vision (2019) 127:74\u2013109\nhttps://doi.org/10.1007/s11263-018-1125-z\nFrom BoW to CNN: Two Decades of Texture Representation for Texture\nClassi\ufb01cation\nLi Liu1,2\n\u00b7 Jie Ch",
    "file_path": "D:\\Mphil CS\\IRS\\Assignment\\TXT 1-250\\237.txt"
  },
  "104": {
    "title": "Document Title 105",
    "author": "Unknown Author",
    "abstract": "Received 22 November 2022, accepted 5 January 2023, date of publication 2 February 2023, date of current version 2 March 2023.\nDigital Object Identifier 10.1109/ACCESS.2023.3241858\nImage Retrieval Usi",
    "file_path": "D:\\Mphil CS\\IRS\\Assignment\\TXT 1-250\\238.txt"
  },
  "105": {
    "title": "Document Title 106",
    "author": "Unknown Author",
    "abstract": "1\nVideo Retrieval System Using Parallel Multi-Class\nRecurrent Neural Network Based on Video\nDescription\nSaira Jabeen, Gulraiz Khan, Humza Naveed, Zeeshan Khan and Usman Ghani Khan\n{saira.jabeen, gulra",
    "file_path": "D:\\Mphil CS\\IRS\\Assignment\\TXT 1-250\\24.txt"
  },
  "106": {
    "title": "Document Title 107",
    "author": "Unknown Author",
    "abstract": "IEEE TRANSACTIONS ON MULTIMEDIA, VOL. 20, NO. 12, DECEMBER 2018\n3361\nOn In\ufb02uential Trends in Interactive Video Retrieval:\nVideo Browser Showdown 2015\u20132017\nJakub Loko\u02c7c\n, Werner Bailer, Klaus Schoeffma",
    "file_path": "D:\\Mphil CS\\IRS\\Assignment\\TXT 1-250\\25.txt"
  },
  "107": {
    "title": "Document Title 108",
    "author": "Unknown Author",
    "abstract": "Research Article\nVideo Retrieval System for Meniscal Surgery to Improve Health\nCare Services\nSana Amanat,1 Muhammad Idrees,2 Muhammad Usman Ghani Khan,1 Zahoor Rehman\n,3\nHangbae Chang,4 Irfan Mehmood\n",
    "file_path": "D:\\Mphil CS\\IRS\\Assignment\\TXT 1-250\\26.txt"
  },
  "108": {
    "title": "Document Title 109",
    "author": "Unknown Author",
    "abstract": "A Probabilistic Ranking Model for Audio Stream Retrieval\nYoungHoon Jung\nDept. of Computer\nScience\nColumbia University\nNew York, NY 10027\njung@cs.columbia.edu\nJaehwan Koo\nDept. of Information\nSolutions",
    "file_path": "D:\\Mphil CS\\IRS\\Assignment\\TXT 1-250\\27.txt"
  },
  "109": {
    "title": "Document Title 110",
    "author": "Unknown Author",
    "abstract": "On Effective Personalized Music Retrieval by Exploring\nOnline User Behaviors\nZhiyong Cheng\nJialie Shen\nSteven C.H. Hoi\nSchool of Information Systems, Singapore Management University, Singapore, 178902",
    "file_path": "D:\\Mphil CS\\IRS\\Assignment\\TXT 1-250\\28.txt"
  },
  "110": {
    "title": "Document Title 111",
    "author": "Unknown Author",
    "abstract": "Searching for Audio by Sketching Mental Images of Sound\nA Brave New Idea for Audio Retrieval in Creative Music Production\nPeter Knees\nDept. of Computational Perception\nJohannes Kepler University Linz,",
    "file_path": "D:\\Mphil CS\\IRS\\Assignment\\TXT 1-250\\29.txt"
  },
  "111": {
    "title": "Document Title 112",
    "author": "Unknown Author",
    "abstract": "VideoCLIP: A Cross-Attention Model for Fast Video-Text Retrieval\nTask with Image CLIP\nYikang Li\nOPPO US Research Center\nPalo Alto, CA, US\nyikang.li1@oppo.com\nJenhao Hsiao\nOPPO US Research Center\nPalo ",
    "file_path": "D:\\Mphil CS\\IRS\\Assignment\\TXT 1-250\\3.txt"
  },
  "112": {
    "title": "Document Title 113",
    "author": "Unknown Author",
    "abstract": "The LFM-1b Dataset for\nMusic Retrieval and Recommendation\nMarkus Schedl\nDepartment of Computational Perception\nJohannes Kepler University\nLinz, Austria\nmarkus.schedl@jku.at\nABSTRACT\nWe present the LFM",
    "file_path": "D:\\Mphil CS\\IRS\\Assignment\\TXT 1-250\\30.txt"
  },
  "113": {
    "title": "Document Title 114",
    "author": "Unknown Author",
    "abstract": "1106\nIEEE/ACM TRANSACTIONS ON AUDIO, SPEECH, AND LANGUAGE PROCESSING, VOL. 24, NO. 6, JUNE 2016\nFast Audio Fingerprinting System Using GPU\nand a Clustering-Based Technique\nChahid Ouali, Member, IEEE, ",
    "file_path": "D:\\Mphil CS\\IRS\\Assignment\\TXT 1-250\\31.txt"
  },
  "114": {
    "title": "Document Title 115",
    "author": "Unknown Author",
    "abstract": "The Trials and Tribulations of Working with Structured Data\n- a Study on Information Seeking Behaviour\nLaura M Koesten\nThe Open Data Institute, UK\nUniv. of Southampton, UK\nlaura.koesten@theodi.org\nEmi",
    "file_path": "D:\\Mphil CS\\IRS\\Assignment\\TXT 1-250\\32.txt"
  },
  "115": {
    "title": "Document Title 116",
    "author": "Unknown Author",
    "abstract": "Anserini: Enabling the Use of Lucene\nfor Information Retrieval Research\nPeilin Yang, Hui Fang\nDepartment of Electrical and Computer Engineering\nUniversity of Delaware\n{franklyn,hfang}@udel.edu\nJimmy L",
    "file_path": "D:\\Mphil CS\\IRS\\Assignment\\TXT 1-250\\33.txt"
  },
  "116": {
    "title": "Document Title 117",
    "author": "Unknown Author",
    "abstract": "Statistical Significance Testing in Information Retrieval:\nTheory and Practice\nBen Carterete\nUniversity of Delaware\ncarteret@udel.edu\nABSTRACT\nTe past 20 years have seen a great improvement in the rig",
    "file_path": "D:\\Mphil CS\\IRS\\Assignment\\TXT 1-250\\34.txt"
  },
  "117": {
    "title": "Document Title 118",
    "author": "Unknown Author",
    "abstract": "Investigating per Topic Upper Bound for Session Search\nEvaluation\nZhiwen Tang\nDepartment of Computer Science\nGeorgetown University\nzt79@georgetown.edu\nGrace Hui Yang\nDepartment of Computer Science\nGeo",
    "file_path": "D:\\Mphil CS\\IRS\\Assignment\\TXT 1-250\\35.txt"
  },
  "118": {
    "title": "Document Title 119",
    "author": "Unknown Author",
    "abstract": "An Exploration of Serverless Architectures\nfor Information Retrieval\nMat Crane and Jimmy Lin\nDavid R. Cheriton School of Computer Science\nUniversity of Waterloo, Ontario, Canada\n{mat.crane,jimmylin}@u",
    "file_path": "D:\\Mphil CS\\IRS\\Assignment\\TXT 1-250\\36.txt"
  },
  "119": {
    "title": "Document Title 120",
    "author": "Unknown Author",
    "abstract": "15\nModeling Information Retrieval by Formal Logic: A Survey\nKARAM ABDULAHHAD, GESIS - Leibniz institute for the Social Sciences, Germany and University\nGrenoble Alpes - CNRS - LIG, France\nCATHERINE BE",
    "file_path": "D:\\Mphil CS\\IRS\\Assignment\\TXT 1-250\\37.txt"
  },
  "120": {
    "title": "Document Title 121",
    "author": "Unknown Author",
    "abstract": "User Intent Prediction in Information-seeking Conversations\nChen Qu\nUniversity of Massachusetts Amherst\nchenqu@cs.umass.edu\nLiu Yang\nUniversity of Massachusetts Amherst\nlyang@cs.umass.edu\nW. Bruce Cro",
    "file_path": "D:\\Mphil CS\\IRS\\Assignment\\TXT 1-250\\38.txt"
  },
  "121": {
    "title": "Document Title 122",
    "author": "Unknown Author",
    "abstract": "Challenges in Search on Streaming Services: Netflix Case Study\nSudarshan Lamkhede\u2217\nslamkhede@netflix.com\nNetflix Inc.\nLos Gatos, California\nSudeep Das\u2217\nsdas@netflix.com\nNetflix Inc.\nLos Gatos, Califor",
    "file_path": "D:\\Mphil CS\\IRS\\Assignment\\TXT 1-250\\39.txt"
  },
  "122": {
    "title": "Document Title 123",
    "author": "Unknown Author",
    "abstract": "Animating Images to Transfer CLIP for Video-Text Retrieval\nYu Liu\u2217\nDAMO Academy, Alibaba Group\nly103369@alibaba-inc.com\nHuai Chen\u2217\nShanghai Jiao Tong University\nchenhuai@sjtu.edu.cn\nLianghua Huang\nDAM",
    "file_path": "D:\\Mphil CS\\IRS\\Assignment\\TXT 1-250\\4.txt"
  },
  "123": {
    "title": "Document Title 124",
    "author": "Unknown Author",
    "abstract": "Unsupervised Rank-Preserving Hashing for Large-Scale Image\nRetrieval\nSvebor Karaman\nColumbia University\nNew York, NY, USA\nsk4089@columbia.edu\nXudong Lin\nColumbia University\nNew York, NY, USA\nxl2798@co",
    "file_path": "D:\\Mphil CS\\IRS\\Assignment\\TXT 1-250\\40.txt"
  },
  "124": {
    "title": "Document Title 125",
    "author": "Unknown Author",
    "abstract": "Term Discrimination Value for\nCross-Language Information Retrieval\nAli Montazeralghaem, Razieh Rahimi, and James Allan\nCenter for Intelligent Information Retrieval\nCollege of Information and Computer ",
    "file_path": "D:\\Mphil CS\\IRS\\Assignment\\TXT 1-250\\41.txt"
  },
  "125": {
    "title": "Document Title 126",
    "author": "Unknown Author",
    "abstract": "Adversarial Attack on Video Retrieval\nYing Zou\nShanghai Jiao Tong University, China\nzouying@sjtu.edu.cn\nChenglong Zhao\nShanghai Jiao Tong University, China\ncl-zhao@sjtu.edu.cn\nBingbing Ni\nShanghai Jia",
    "file_path": "D:\\Mphil CS\\IRS\\Assignment\\TXT 1-250\\42.txt"
  },
  "126": {
    "title": "Document Title 127",
    "author": "Unknown Author",
    "abstract": "Flexible Interactive Retrieval SysTem 2.0\nfor Visual Lifelog Exploration at LSC 2021\nHoang-Phuc Trang-Trung1,2,3, Thanh-Cong Le1,2,3, Mai-Khiem Tran1,2,3,\nVan-Tu Ninh4, Tu-Khiem Le4, Cathal Gurrin4, M",
    "file_path": "D:\\Mphil CS\\IRS\\Assignment\\TXT 1-250\\43.txt"
  },
  "127": {
    "title": "Document Title 128",
    "author": "Unknown Author",
    "abstract": "Learning Segment Similarity and Alignment in Large-Scale\nContent Based Video Retrieval\nChen Jiang\u2217\nKaiming Huang\u2217\nqichen.jc@antgroup.com\nkaiming.huangkm@antgroup.com\nAnt Group\nSifeng He\u2217\nXudong Yang\u2217\n",
    "file_path": "D:\\Mphil CS\\IRS\\Assignment\\TXT 1-250\\44.txt"
  },
  "128": {
    "title": "Document Title 129",
    "author": "Unknown Author",
    "abstract": "Personalized Multi-modal Video Retrieval on Mobile Devices\nHaotian Zhang\nhaotian.zhang@samsung.com\nSamsung AI Center - Toronto\nCanada\nAllan D. Jepson\nallan.jepson@samsung.com\nSamsung AI Center - Toron",
    "file_path": "D:\\Mphil CS\\IRS\\Assignment\\TXT 1-250\\45.txt"
  },
  "129": {
    "title": "Document Title 130",
    "author": "Unknown Author",
    "abstract": "Hierarchical Cross-Modal Graph Consistency Learning for\nVideo-Text Retrieval\nWeike Jin\nZhejiang University, Hangzhou\nweikejin@zju.edu.cn\nZhou Zhao\u2217\nZhejiang University, Hangzhou\nzhaozhou@zju.edu.cn\nPe",
    "file_path": "D:\\Mphil CS\\IRS\\Assignment\\TXT 1-250\\46.txt"
  },
  "130": {
    "title": "Document Title 131",
    "author": "Unknown Author",
    "abstract": "Information Retrieval System Evaluation:  \nEffort, Sensitivity, and Reliability \nMark Sanderson \nDepartment of Information Studies, \nUniversity of Sheffield, Sheffield, UK \nm.sanderson@shef.ac.uk \nJus",
    "file_path": "D:\\Mphil CS\\IRS\\Assignment\\TXT 1-250\\47.txt"
  },
  "131": {
    "title": "Document Title 132",
    "author": "Unknown Author",
    "abstract": "S. N. Umeozor\nInternational Journal of Knowledge Content Development & Technology Vol.10, No.2, 7-18 (June, 2020)\n7\nInformation Retrieval: A Communication Process in \nthe 21st Century Library\nSusan Nn",
    "file_path": "D:\\Mphil CS\\IRS\\Assignment\\TXT 1-250\\48.txt"
  },
  "132": {
    "title": "Document Title 133",
    "author": "Unknown Author",
    "abstract": "Microprocessors and Microsystems xxx (xxxx) xxx\nPlease cite this article as: Arokia Jesu Prabhu L, Microprocessors and Microsystems, https://doi.org/10.1016/j.micpro.2020.103344\nAvailable online 17 Oc",
    "file_path": "D:\\Mphil CS\\IRS\\Assignment\\TXT 1-250\\49.txt"
  },
  "133": {
    "title": "Document Title 134",
    "author": "Unknown Author",
    "abstract": "CLIP4Hashing: Unsupervised Deep Hashing for Cross-Modal\nVideo-Text Retrieval\nYaoxin Zhuo\u2217\nArizona State University\nyzhuo6@asu.edu\nYikang Li\nOPPO US Research Center\nyikang.li1@oppo.com\nJenhao Hsiao\nOPP",
    "file_path": "D:\\Mphil CS\\IRS\\Assignment\\TXT 1-250\\5.txt"
  },
  "134": {
    "title": "Document Title 135",
    "author": "Unknown Author",
    "abstract": "Recent Advances in Conversational Information Retrieval\nJianfeng Gao, Chenyan Xiong, Paul Bennett\nMicrosoft Research AI\nOne Microsoft Way, Redmond\nWA 98052, USA\njfgao, chenyan.xiong, paul.n.bennett@mi",
    "file_path": "D:\\Mphil CS\\IRS\\Assignment\\TXT 1-250\\50.txt"
  },
  "135": {
    "title": "Document Title 136",
    "author": "Unknown Author",
    "abstract": "Journal of Artificial Intelligence and Capsule Networks (2020) \nVol.02/ No. 02 \nPages: 100-110 \nhttp://irojournals.com/aicn/ \nDOI: https://doi.org/10.36548/jaicn.2020.2.003 \n \n \n \n100 \n \nISSN: 2582-20",
    "file_path": "D:\\Mphil CS\\IRS\\Assignment\\TXT 1-250\\51.txt"
  },
  "136": {
    "title": "Document Title 137",
    "author": "Unknown Author",
    "abstract": "A View of 20th and 21st Century Software Engineering \nBarry Boehm \nUniversity of Southern California \nUniversity Park Campus, Los Angeles \nboehm@cse.usc.edu \nABSTRACT \nGeorge Santayana's statement, \"T",
    "file_path": "D:\\Mphil CS\\IRS\\Assignment\\TXT 1-250\\52.txt"
  },
  "137": {
    "title": "Document Title 138",
    "author": "Unknown Author",
    "abstract": "5 8\nIEEE SOFTWARE\nPublished by the IEEE Computer Society\n0740-7459/05/$20.00 \u00a9 2005 IEEE\nwhether to adopt a new technology because\nthere\u2019s little objective evidence to confirm its\nsuitability, limits,",
    "file_path": "D:\\Mphil CS\\IRS\\Assignment\\TXT 1-250\\53.txt"
  },
  "138": {
    "title": "Document Title 139",
    "author": "Unknown Author",
    "abstract": "Merging the Temporal and Spatial Aspects of\nData and Information for Improved Power\nSystem Monitoring Applications\nMLADEN KEZUNOVIC, FELLOW, IEEE, AND ALI ABUR, FELLOW, IEEE\nInvited Paper\nMany power s",
    "file_path": "D:\\Mphil CS\\IRS\\Assignment\\TXT 1-250\\54.txt"
  },
  "139": {
    "title": "Document Title 140",
    "author": "Unknown Author",
    "abstract": "BioMed Central\nPage 1 of 8\n(page number not for citation purposes)\nBMC Infectious Diseases\nOpen Access\nResearch article\nWorldwide trends in quantity and quality of published articles in the \nfield of ",
    "file_path": "D:\\Mphil CS\\IRS\\Assignment\\TXT 1-250\\55.txt"
  },
  "140": {
    "title": "Document Title 141",
    "author": "Unknown Author",
    "abstract": "BIOINFORMATICS APPLICATIONS NOTE\nVol. 21 no. 2 2005, pages 263\u2013265\ndoi:10.1093/bioinformatics/bth457\nHaploview: analysis and visualization of LD and\nhaplotype maps\nJ. C. Barrett1,\u2217, B. Fry2, J. Maller",
    "file_path": "D:\\Mphil CS\\IRS\\Assignment\\TXT 1-250\\56.txt"
  },
  "141": {
    "title": "Document Title 142",
    "author": "Unknown Author",
    "abstract": "Pattern Recognition 40 (2007) 262\u2013282\nwww.elsevier.com/locate/patcog\nA survey of content-based image retrieval with high-level semantics\nYing Liua,\u2217, Dengsheng Zhanga, Guojun Lua, Wei-Ying Mab\naGippsl",
    "file_path": "D:\\Mphil CS\\IRS\\Assignment\\TXT 1-250\\57.txt"
  },
  "142": {
    "title": "Document Title 143",
    "author": "Unknown Author",
    "abstract": "Expert Systems With Applications 232 (2023) 120774\nAvailable online 14 June 2023\n0957-4174/\u00a9 2023 Elsevier Ltd. All rights reserved.\nContents lists available at ScienceDirect\nExpert Systems With Appli",
    "file_path": "D:\\Mphil CS\\IRS\\Assignment\\TXT 1-250\\58.txt"
  },
  "143": {
    "title": "Document Title 144",
    "author": "Unknown Author",
    "abstract": "arXiv:1706.06064v2  [cs.MM]  2 Sep 2017\n1\nRecent Advance in Content-based Image\nRetrieval: A Literature Survey\nWengang Zhou, Houqiang Li, and Qi Tian Fellow, IEEE\nAbstract\u2014The explosive increase and u",
    "file_path": "D:\\Mphil CS\\IRS\\Assignment\\TXT 1-250\\59.txt"
  },
  "144": {
    "title": "Document Title 145",
    "author": "Unknown Author",
    "abstract": "Learning Hierarchical Semantic Correspondences for\nCross-Modal Image-Text Retrieval\nSheng Zeng\nJiangxi Normal University\nNanchang, China\ndarrylzs@163.com\nChanghong Liu\u2217\nJiangxi Normal University\nNanch",
    "file_path": "D:\\Mphil CS\\IRS\\Assignment\\TXT 1-250\\6.txt"
  },
  "145": {
    "title": "Document Title 146",
    "author": "Unknown Author",
    "abstract": "Evaluating Pre-trained Convolutional Neural Networks\nand Foundation Models as Feature Extractors for\nContent-based Medical Image Retrieval\nAmirreza Mahboda,\u2217, Nematollah Saeidib, Sepideh Hatamikiac,d,",
    "file_path": "D:\\Mphil CS\\IRS\\Assignment\\TXT 1-250\\60.txt"
  },
  "146": {
    "title": "Document Title 147",
    "author": "Unknown Author",
    "abstract": "Semantic content-based image retrieval: A comprehensive study q\nAhmad Alzu\u2019bi a,\u21d1, Abbes Amira a,b, Naeem Ramzan a\na School of Engineering and Computing, University of the West of Scotland, Paisley, P",
    "file_path": "D:\\Mphil CS\\IRS\\Assignment\\TXT 1-250\\61.txt"
  },
  "147": {
    "title": "Document Title 148",
    "author": "Unknown Author",
    "abstract": "Multimedia Systems (2006) 11(3): 203\u2013215\nDOI 10.1007/s00530-005-0009-6\nREGULAR\nPAPER\nWeihong Huang \u00b7 Emmanuel Eze \u00b7 David Webster\nTowards integrating semantics of multi-media resources\nand processes i",
    "file_path": "D:\\Mphil CS\\IRS\\Assignment\\TXT 1-250\\62.txt"
  },
  "148": {
    "title": "Document Title 149",
    "author": "Unknown Author",
    "abstract": "Multimedia Systems (2007) 12:403\u2013421\nDOI 10.1007/s00530-006-0050-0\nREGULAR\nPAPER\nUser-author centered multimedia building blocks\nAndr\u00e9 Santanch\u00e8 \u00b7 Claudia Bauzer Medeiros \u00b7\nGilberto Zonta Pastorello J",
    "file_path": "D:\\Mphil CS\\IRS\\Assignment\\TXT 1-250\\63.txt"
  },
  "149": {
    "title": "Document Title 150",
    "author": "Unknown Author",
    "abstract": "Multimedia Systems (2007) 12:423\u2013438\nDOI 10.1007/s00530-006-0065-6\nREGULAR\nPAPER\nUser-centered control within multimedia presentations\nDick C. A. Bulterman\nPublished online: 15 November 2006\n\u00a9 Springe",
    "file_path": "D:\\Mphil CS\\IRS\\Assignment\\TXT 1-250\\64.txt"
  },
  "150": {
    "title": "Document Title 151",
    "author": "Unknown Author",
    "abstract": "REGULAR PAPER\nVideo recommendation over multiple information sources\nXiaojian Zhao \u2022 Jin Yuan \u2022 Meng Wang \u2022\nGuangda Li \u2022 Richang Hong \u2022 Zhoujun Li \u2022\nTat-Seng Chua\nPublished online: 10 June 2012\n\u0002 Spri",
    "file_path": "D:\\Mphil CS\\IRS\\Assignment\\TXT 1-250\\65.txt"
  },
  "151": {
    "title": "Document Title 152",
    "author": "Unknown Author",
    "abstract": "Multimedia Systems (2009) 15:201\u2013219\nDOI 10.1007/s00530-009-0154-4\nREGULAR PAPER\nVisual and textual fusion for semantically supervised region-based\nretrieval\nRongrong Ji \u00b7 Hongxun Yao \u00b7 Pengfei Xu \u00b7\nX",
    "file_path": "D:\\Mphil CS\\IRS\\Assignment\\TXT 1-250\\66.txt"
  },
  "152": {
    "title": "Document Title 153",
    "author": "Unknown Author",
    "abstract": "Audio Content-Based Music Retrieval\nPeter Grosche\u22171, Meinard M\u00fcller*1, and Joan Serr\u00e0\u20202\n1\nSaarland University and MPI Informatik\nCampus E1-4, 66123 Saarbr\u00fccken, Germany\npgrosche@mpi-inf.mpg.de, meinar",
    "file_path": "D:\\Mphil CS\\IRS\\Assignment\\TXT 1-250\\67.txt"
  },
  "153": {
    "title": "Document Title 154",
    "author": "Unknown Author",
    "abstract": "INVITED\nP A P E R\nContent-Based Music\nInformation Retrieval:\nCurrent Directions and\nFuture Challenges\nCurrent retrieval systems can handle tens-of-thousands of music tracks\nbut new systems need to aim",
    "file_path": "D:\\Mphil CS\\IRS\\Assignment\\TXT 1-250\\68.txt"
  },
  "154": {
    "title": "Document Title 155",
    "author": "Unknown Author",
    "abstract": "AUDIO MATCHING VIA CHROMA-BASED STATISTICAL FEATURES\nMeinard M\u00a8uller\nFrank Kurth\nMichael Clausen\nUniversit\u00a8at Bonn, Institut f\u00a8ur Informatik III\nR\u00a8omerstr. 164, D-53117 Bonn, Germany\n{meinard, frank, ",
    "file_path": "D:\\Mphil CS\\IRS\\Assignment\\TXT 1-250\\69.txt"
  },
  "155": {
    "title": "Document Title 156",
    "author": "Unknown Author",
    "abstract": "Improving Causality in Interpretable Video Retrieval\nVarsha Devi\nvarsha.devi@univ-grenoble-alpes.fr\nUniv. Grenoble Alpes, CNRS,\nGrenoble INP*, LIG\nGrenoble, France\nPhilippe Mulhem\nphilippe.mulhem@imag",
    "file_path": "D:\\Mphil CS\\IRS\\Assignment\\TXT 1-250\\7.txt"
  },
  "156": {
    "title": "Document Title 157",
    "author": "Unknown Author",
    "abstract": "An Industrial-Strength Audio Search Algorithm \n \nAvery Li-Chun Wang \navery@shazamteam.com \nShazam Entertainment, Ltd. \nUSA: \n2925 Ross Road \nPalo Alto, CA 94303 \nUnited Kingdom: \n375 Kensington High S",
    "file_path": "D:\\Mphil CS\\IRS\\Assignment\\TXT 1-250\\70.txt"
  },
  "157": {
    "title": "Document Title 158",
    "author": "Unknown Author",
    "abstract": "Citation: Naseer, S.; Rashid, U.;\nSaddal, M.; Khan, A.R.; Abbas, Q.;\nDaadaa, Y. WSREB Mechanism: Web\nSearch Results Exploration\nMechanism for Blind Users. Appl. Sci.\n2023, 13, 11007. https://doi.org/\n",
    "file_path": "D:\\Mphil CS\\IRS\\Assignment\\TXT 1-250\\71.txt"
  },
  "158": {
    "title": "Document Title 159",
    "author": "Unknown Author",
    "abstract": " \nIndex wiki database:\ndesign and experiments1\nKrizhanovsky A. A.\nSt.Petersburg Institute for Informatics and Automation of RAS\nWith the fantastic growth of Internet usage, information search in docum",
    "file_path": "D:\\Mphil CS\\IRS\\Assignment\\TXT 1-250\\72.txt"
  },
  "159": {
    "title": "Document Title 160",
    "author": "Unknown Author",
    "abstract": "International Journal of Geographical Information\nScience\nISSN: (Print) (Online) Journal homepage: www.tandfonline.com/journals/tgis20\nGeographical information retrieval\nChristopher B. Jones & Ross S.",
    "file_path": "D:\\Mphil CS\\IRS\\Assignment\\TXT 1-250\\73.txt"
  },
  "160": {
    "title": "Document Title 161",
    "author": "Unknown Author",
    "abstract": " \n \n \nIntroduction to Searching with Regular Expressions \n \n \n \nChristopher M. Frenz \nDepartment of Computer Engineering Technology  \nNew York City College of Technology (CUNY) \n300 Jay St \nBrooklyn, ",
    "file_path": "D:\\Mphil CS\\IRS\\Assignment\\TXT 1-250\\74.txt"
  },
  "161": {
    "title": "Document Title 162",
    "author": "Unknown Author",
    "abstract": " \nQuery Refinement by Multi Word Term expansions and semantic \nsynonymy \nV\u00e9ronika Lux-Pogodallaa, Eric SanJuanab \na SRDI, INIST-CNRS, France \nb LITA, University of Metz -- URI, INIST-CNRS, France \n \nW",
    "file_path": "D:\\Mphil CS\\IRS\\Assignment\\TXT 1-250\\75.txt"
  },
  "162": {
    "title": "Document Title 163",
    "author": "Unknown Author",
    "abstract": "Telfor Journal, Vol. 1, No. 1, 2009. \n26\n\u0003\nAbstract\u2014 In this paper, we present an approach to search \nresult clustering, using partitioning of underlying link graph. \nWe define the notion of \"query-in",
    "file_path": "D:\\Mphil CS\\IRS\\Assignment\\TXT 1-250\\76.txt"
  },
  "163": {
    "title": "Document Title 164",
    "author": "Unknown Author",
    "abstract": "Bias and Unfairness in Information Retrieval Systems:\nNew Challenges in the LLM Era\nSunhao Dai\nGaoling School of Artificial\nIntelligence\nRenmin University of China\nBeijing, China\nsunhaodai@ruc.edu.cn\n",
    "file_path": "D:\\Mphil CS\\IRS\\Assignment\\TXT 1-250\\77.txt"
  },
  "164": {
    "title": "Document Title 165",
    "author": "Unknown Author",
    "abstract": "Preprint. Ongoing work.\nDeepRetrieval: Powerful Query Generation for Information\nRetrieval with Reinforcement Learning\nPengcheng Jiang\u2217\nUIUC CS\nAbstract\nInformation retrieval systems are crucial for e",
    "file_path": "D:\\Mphil CS\\IRS\\Assignment\\TXT 1-250\\78.txt"
  },
  "165": {
    "title": "Document Title 166",
    "author": "Unknown Author",
    "abstract": "A Systematic Review of Fairness, Accountability,\nTransparency, and Ethics in Information Retrieval\nNOLWENN BERNARD and KRISZTIAN BALOG, University of Stavanger, Norway\nWe live in an information societ",
    "file_path": "D:\\Mphil CS\\IRS\\Assignment\\TXT 1-250\\79.txt"
  },
  "166": {
    "title": "Document Title 167",
    "author": "Unknown Author",
    "abstract": "NewsInsight: A Comprehensive Video Event Retrieval System\nwith Spatial Insights and Query Assistance\nGia-Huy Vuong\u2217\nVan-Son Ho\u2217\nTien-Thanh Nguyen-Dang\u2217\nXuan-Dang Thai\u2217\nUniversity of Science, VNU-HCM\nV",
    "file_path": "D:\\Mphil CS\\IRS\\Assignment\\TXT 1-250\\8.txt"
  },
  "167": {
    "title": "Document Title 168",
    "author": "Unknown Author",
    "abstract": "1\nImproved Coded Caching Scheme for Multi-User\nInformation Retrieval System\nJunyi Wang, Quan Zang, Jinyu Wang, Minquan Cheng, Member, IEEE,\nAbstract\nIn this paper, we study the coded caching scheme fo",
    "file_path": "D:\\Mphil CS\\IRS\\Assignment\\TXT 1-250\\80.txt"
  },
  "168": {
    "title": "Document Title 169",
    "author": "Unknown Author",
    "abstract": "1\nToward Agentic AI: Generative Information\nRetrieval Inspired Intelligent Communications and\nNetworking\nRuichen Zhang, Shunpu Tang, Yinqiu Liu, Dusit Niyato, Fellow, IEEE, Zehui Xiong,\nSumei Sun, Fel",
    "file_path": "D:\\Mphil CS\\IRS\\Assignment\\TXT 1-250\\81.txt"
  },
  "169": {
    "title": "Document Title 170",
    "author": "Unknown Author",
    "abstract": "International Journal of Database Management Systems ( IJDMS ), Vol.3, No.2, May 2011\n22\nUSING CONTEXT TO IMPROVE THE EVALUATION \nOF INFORMATION RETRIEVAL SYSTEMS\nAbdelkrim Bouramoul1, Mohamed-Khiredd",
    "file_path": "D:\\Mphil CS\\IRS\\Assignment\\TXT 1-250\\86.txt"
  },
  "170": {
    "title": "Document Title 171",
    "author": "Unknown Author",
    "abstract": "arXiv:1111.1497v4  [cs.IR]  18 Sep 2012\nAn IR-based Evaluation Framework for\nWeb Search Query Segmentation\nRishiraj Saha Roy and Niloy Ganguly\nIndian Institute of Technology Kharagpur\nKharagpur, West ",
    "file_path": "D:\\Mphil CS\\IRS\\Assignment\\TXT 1-250\\87.txt"
  },
  "171": {
    "title": "Document Title 172",
    "author": "Unknown Author",
    "abstract": "1\nXML Information Retrieval Systems: A SURVEY\nAwny Sayed\nInformation Technology Dept. - Ibri College of Applied Science\nSultanate of Oman\nMobile Number 00968-98838296,\nawny.ibr@cas.edu.om\nABSTRACT: Th",
    "file_path": "D:\\Mphil CS\\IRS\\Assignment\\TXT 1-250\\88.txt"
  },
  "172": {
    "title": "Document Title 173",
    "author": "Unknown Author",
    "abstract": "1 \n \nThe Effect of User Characteristics on Search \nEffectiveness in Information Retrieval \n \nAzzah Al-Maskari \nDirectorate General of Technological Education \nP.O. Box: 413, Post code 100 \nTel: +96824",
    "file_path": "D:\\Mphil CS\\IRS\\Assignment\\TXT 1-250\\89.txt"
  },
  "173": {
    "title": "Document Title 174",
    "author": "Unknown Author",
    "abstract": "An Interactive System for Multimedia Retrieval in Video\nCollection with Temporal Integration\nGia-Kiet Pham\u2217\nHai-Binh Tran\u2217\nPhi-Long Nguyen\nphamgiakietk14@siu.edu.vn\ntranlehaibinhk12@siu.edu.vn\nnguyenh",
    "file_path": "D:\\Mphil CS\\IRS\\Assignment\\TXT 1-250\\9.txt"
  },
  "174": {
    "title": "Document Title 175",
    "author": "Unknown Author",
    "abstract": "Overview of the Personalized and Collaborative\nInformation Retrieval (PIR) Track at FIRE-2011\nDebasis Ganguly, Johannes Leveling, Keith Curtis, Wei Li, and Gareth J.F. Jones\nCNGL, School of Computing\n",
    "file_path": "D:\\Mphil CS\\IRS\\Assignment\\TXT 1-250\\90.txt"
  },
  "175": {
    "title": "Document Title 176",
    "author": "Unknown Author",
    "abstract": "arXiv:1207.3583v1  [cs.IR]  16 Jul 2012\nInformation Retrieval Model: A Social Network\nExtraction Perspective\nMahyuddin K. M. Nasution\nKnowledge Technology Research Group,\nFaculty of Information Scienc",
    "file_path": "D:\\Mphil CS\\IRS\\Assignment\\TXT 1-250\\91.txt"
  },
  "176": {
    "title": "Document Title 177",
    "author": "Unknown Author",
    "abstract": " \n \nPCA\nPCA\nPCA\nPCA----Based Relevance Feedback in Document Image Retrieval\nBased Relevance Feedback in Document Image Retrieval\nBased Relevance Feedback in Document Image Retrieval\nBased Relevance Fe",
    "file_path": "D:\\Mphil CS\\IRS\\Assignment\\TXT 1-250\\92.txt"
  },
  "177": {
    "title": "Document Title 178",
    "author": "Unknown Author",
    "abstract": " \n JCSCR \n Journal of Computer \n Science & Research \n \n \nJournal of Computer Science & Research (JCSCR) - ISSN 2227-328X \nhttp://www.jcscr.com \nVol. 1, No. 6, Pages. 1-11, December 2012  \n \n\u00a9 The Auth",
    "file_path": "D:\\Mphil CS\\IRS\\Assignment\\TXT 1-250\\93.txt"
  },
  "178": {
    "title": "Document Title 179",
    "author": "Unknown Author",
    "abstract": "European Journal of Scientific Research, ISSN 1450-216X, Vol. 69, No. 4, February 2012 \nhttp://www.europeanjournalofscientificresearch.com/ISSUES/EJSR_69_4_09.pdf \n \nSemantic-Sensitive Web Information",
    "file_path": "D:\\Mphil CS\\IRS\\Assignment\\TXT 1-250\\94.txt"
  },
  "179": {
    "title": "Document Title 180",
    "author": "Unknown Author",
    "abstract": "An Effective Information Retrieval for Ambiguous\nQuery\nR.K. Roul\u2217and S.K. Sahay\u2020\nBITS, Pilani - K.K. Birla, Goa Campus, Zuarinagar, Goa - 403726, India.\nAbstract\nSearch engine returns thousands of web",
    "file_path": "D:\\Mphil CS\\IRS\\Assignment\\TXT 1-250\\95.txt"
  },
  "180": {
    "title": "Document Title 181",
    "author": "Unknown Author",
    "abstract": "CROWD SOURCING\nCrowdsourcing interactions: using crowdsourcing\nfor evaluating interactive information retrieval systems\nGuido Zuccon \u2022 Teerapong Leelanupab \u2022 Stewart Whiting \u2022\nEmine Yilmaz \u2022 Joemon M.",
    "file_path": "D:\\Mphil CS\\IRS\\Assignment\\TXT 1-250\\96.txt"
  },
  "181": {
    "title": "Document Title 182",
    "author": "Unknown Author",
    "abstract": "1 \n \nPersonalised information retrieval: survey and classification \n \n \nM. Rami Ghorab, Dong Zhou, Alexander O'Connor, and Vincent Wade \nCentre for Next Generation Localisation Knowledge & Data Engine",
    "file_path": "D:\\Mphil CS\\IRS\\Assignment\\TXT 1-250\\97.txt"
  },
  "182": {
    "title": "Document Title 183",
    "author": "Unknown Author",
    "abstract": "See discussions, stats, and author profiles for this publication at: https://www.researchgate.net/publication/262169665\nWikiMirs: A mathematical information retrieval system for wikipedia\nConference P",
    "file_path": "D:\\Mphil CS\\IRS\\Assignment\\TXT 1-250\\98.txt"
  },
  "183": {
    "title": "Document Title 184",
    "author": "Unknown Author",
    "abstract": "J Intell Inf Syst (2013) 41:523\u2013539\nDOI 10.1007/s10844-013-0247-6\nThe neglected user in music information\nretrieval research\nMarkus Schedl \u00b7 Arthur Flexer \u00b7 Juli\u00e1n Urbano\nReceived: 14 November 2012 / ",
    "file_path": "D:\\Mphil CS\\IRS\\Assignment\\TXT 1-250\\99.txt"
  }
}